field,mean_abs_shap
velocity_states_1h,0.0024144945
velocity_count_1h,0.004297288
velocity_merchants_1h,0.0056144544
velocity_count_24h,0.011994944
Errors,0.013166623
Day,0.022815598
velocity_states_168h,0.04332587
velocity_amount_1h,0.05745789
Month,0.072679445
velocity_amount_168h,0.077232614
velocity_merchants_24h,0.08822034
City,0.119338095
State,0.124761984
velocity_seconds_since_last,0.17108849
velocity_amount_24h,0.17982075
velocity_merchants_168h,0.2205054
Merchant,0.23611824
velocity_count_168h,0.29406896
velocity_states_24h,0.29598716
Amount,0.34060934
Time,0.4614114
Zip,0.49207973
MCC,0.54260105
Chip,1.206812
